{"cameraMode":{"drawMode":0,"name":"Shaded","section":"Shading Mode"},"sceneLighting":true,"audioPlay":false,"sceneViewState":{"m_AlwaysRefresh":false,"showFog":true,"showSkybox":true,"showFlares":true,"showImageEffects":true,"showParticleSystems":true,"showVisualEffectGraphs":true,"m_FxEnabled":true},"in2DMode":false,"pivot":{"x":5.031048774719238,"y":3.147900342941284,"z":19.297706604003908},"rotation":{"x":0.18139243125915528,"y":-0.19877085089683534,"z":0.03748100623488426,"w":0.9623315334320068},"size":12.12435531616211,"orthographic":false}